asof,origin_asof,origin_snapshot_id,horizon_trading_days,actual_close,p10,p25,p50,p75,p90,inside_p10_p90,p50_error_pct,probability_space
2026-08-06,2026-08-03,nasdaq-scenario:2026-08-03:r8,3,26348.35,25310,25620,25970,26330,26650,true,1.457,scenario_conditional
2026-08-07,2026-08-03,nasdaq-scenario:2026-08-03:r8,4,26690.62,25220,25580,25990,26400,26770,true,2.696,scenario_conditional
2026-08-07,2026-08-06,nasdaq-scenario:2026-08-06:r1,1,26690.62,25980,26170,26370,26580,26760,true,1.216,scenario_conditional
2026-08-10,2026-08-03,nasdaq-scenario:2026-08-03:r8,5,26605.36,25160,25540,26010,26470,26880,true,2.289,scenario_conditional
2026-08-10,2026-08-06,nasdaq-scenario:2026-08-06:r1,2,26605.36,25840,26110,26390,26690,26960,true,0.816,scenario_conditional
2026-08-10,2026-08-07,nasdaq-scenario:2026-08-07:r1,1,26605.36,26320,26510,26720,26930,27110,true,-0.429,scenario_conditional
2026-08-11,2026-08-03,nasdaq-scenario:2026-08-03:r8,6,26445.45,25090,25530,26030,26530,27000,true,1.596,scenario_conditional
2026-08-11,2026-08-06,nasdaq-scenario:2026-08-06:r1,3,26445.45,25750,26060,26420,26770,27100,true,0.096,scenario_conditional
2026-08-11,2026-08-07,nasdaq-scenario:2026-08-07:r1,2,26445.45,26170,26450,26730,27030,27320,true,-1.065,scenario_conditional
2026-08-11,2026-08-10,nasdaq-scenario:2026-08-10:r1,1,26445.45,26240,26420,26630,26840,27030,true,-0.693,scenario_conditional
2026-08-12,2026-08-03,nasdaq-scenario:2026-08-03:r8,7,26588.49,25040,25510,26050,26590,27100,true,2.067,scenario_conditional
2026-08-12,2026-08-06,nasdaq-scenario:2026-08-06:r1,4,26588.49,25660,26030,26440,26850,27230,true,0.562,scenario_conditional
2026-08-12,2026-08-07,nasdaq-scenario:2026-08-07:r1,3,26588.49,26080,26400,26760,27120,27460,true,-0.641,scenario_conditional
2026-08-12,2026-08-10,nasdaq-scenario:2026-08-10:r1,2,26588.49,26090,26360,26650,26950,27230,true,-0.231,scenario_conditional
2026-08-12,2026-08-11,nasdaq-scenario:2026-08-11:r1,1,26588.49,26080,26260,26470,26680,26860,true,0.448,scenario_conditional
2026-08-13,2026-08-03,nasdaq-scenario:2026-08-03:r8,8,26803.03,24990,25490,26070,26660,27190,true,2.812,scenario_conditional
2026-08-13,2026-08-06,nasdaq-scenario:2026-08-06:r1,5,26803.03,25600,25990,26460,26930,27340,true,1.296,scenario_conditional
2026-08-13,2026-08-07,nasdaq-scenario:2026-08-07:r1,4,26803.03,25990,26360,26780,27200,27580,true,0.086,scenario_conditional
2026-08-13,2026-08-10,nasdaq-scenario:2026-08-10:r1,3,26803.03,25990,26310,26670,27030,27370,true,0.499,scenario_conditional
2026-08-13,2026-08-11,nasdaq-scenario:2026-08-11:r1,2,26803.03,25930,26200,26480,26780,27060,true,1.22,scenario_conditional
2026-08-13,2026-08-12,nasdaq-scenario:2026-08-12:r1,1,26803.03,26220,26400,26610,26820,27010,true,0.725,scenario_conditional
2026-08-14,2026-08-03,nasdaq-scenario:2026-08-03:r8,9,26729.16,24950,25480,26090,26710,27290,true,2.45,scenario_conditional
2026-08-14,2026-08-06,nasdaq-scenario:2026-08-06:r1,6,26729.16,25530,25980,26490,26990,27470,true,0.903,scenario_conditional
2026-08-14,2026-08-07,nasdaq-scenario:2026-08-07:r1,5,26729.16,25930,26330,26810,27280,27700,true,-0.302,scenario_conditional
2026-08-14,2026-08-10,nasdaq-scenario:2026-08-10:r1,4,26729.16,25900,26280,26690,27110,27490,true,0.147,scenario_conditional
2026-08-14,2026-08-11,nasdaq-scenario:2026-08-11:r1,3,26729.16,25830,26150,26510,26870,27200,true,0.827,scenario_conditional
2026-08-14,2026-08-12,nasdaq-scenario:2026-08-12:r1,2,26729.16,26070,26340,26630,26930,27210,true,0.372,scenario_conditional
2026-08-14,2026-08-13,nasdaq-scenario:2026-08-13:r1,1,26729.16,26430,26620,26830,27040,27220,true,-0.376,scenario_conditional
2026-08-17,2026-08-03,nasdaq-scenario:2026-08-03:r8,10,26644.91,24890,25470,26110,26760,27370,true,2.049,scenario_conditional
2026-08-17,2026-08-06,nasdaq-scenario:2026-08-06:r1,7,26644.91,25490,25960,26510,27060,27570,true,0.509,scenario_conditional
2026-08-17,2026-08-07,nasdaq-scenario:2026-08-07:r1,6,26644.91,25860,26320,26830,27340,27820,true,-0.69,scenario_conditional
2026-08-17,2026-08-10,nasdaq-scenario:2026-08-10:r1,5,26644.91,25840,26240,26720,27190,27610,true,-0.281,scenario_conditional
2026-08-17,2026-08-11,nasdaq-scenario:2026-08-11:r1,4,26644.91,25740,26110,26530,26940,27320,true,0.433,scenario_conditional
2026-08-17,2026-08-12,nasdaq-scenario:2026-08-12:r1,3,26644.91,25980,26290,26650,27010,27350,true,-0.019,scenario_conditional
2026-08-17,2026-08-13,nasdaq-scenario:2026-08-13:r1,2,26644.91,26280,26550,26840,27140,27420,true,-0.727,scenario_conditional
2026-08-17,2026-08-14,nasdaq-scenario:2026-08-14:r1,1,26644.91,26360,26540,26750,26970,27150,true,-0.393,scenario_conditional
2026-08-18,2026-08-03,nasdaq-scenario:2026-08-03:r8,11,26289.71,24860,25450,26110,26810,27460,true,0.688,scenario_conditional
2026-08-18,2026-08-06,nasdaq-scenario:2026-08-06:r1,8,26289.71,25440,25940,26530,27130,27670,true,-0.906,scenario_conditional
2026-08-18,2026-08-07,nasdaq-scenario:2026-08-07:r1,7,26289.71,25820,26300,26850,27410,27930,true,-2.087,scenario_conditional
2026-08-18,2026-08-10,nasdaq-scenario:2026-08-10:r1,6,26289.71,25780,26230,26740,27250,27730,true,-1.684,scenario_conditional
2026-08-18,2026-08-11,nasdaq-scenario:2026-08-11:r1,5,26289.71,25680,26070,26550,27010,27430,true,-0.98,scenario_conditional
2026-08-18,2026-08-12,nasdaq-scenario:2026-08-12:r1,4,26289.71,25880,26260,26670,27090,27470,true,-1.426,scenario_conditional
2026-08-18,2026-08-13,nasdaq-scenario:2026-08-13:r1,3,26289.71,26190,26500,26870,27230,27570,true,-2.16,scenario_conditional
2026-08-18,2026-08-14,nasdaq-scenario:2026-08-14:r1,2,26289.71,26210,26480,26770,27070,27350,true,-1.794,scenario_conditional
2026-08-18,2026-08-17,nasdaq-scenario:2026-08-17:r1,1,26289.71,26270,26460,26670,26880,27060,true,-1.426,scenario_conditional
2026-08-19,2026-08-03,nasdaq-scenario:2026-08-03:r8,12,26331.09,24810,25440,26150,26860,27540,true,0.693,scenario_conditional
2026-08-19,2026-08-06,nasdaq-scenario:2026-08-06:r1,9,26331.09,25400,25940,26550,27180,27770,true,-0.825,scenario_conditional
2026-08-19,2026-08-07,nasdaq-scenario:2026-08-07:r1,8,26331.09,25770,26280,26870,27480,28030,true,-2.006,scenario_conditional
2026-08-19,2026-08-10,nasdaq-scenario:2026-08-10:r1,7,26331.09,25730,26210,26760,27320,27830,true,-1.603,scenario_conditional
2026-08-19,2026-08-11,nasdaq-scenario:2026-08-11:r1,6,26331.09,25610,26060,26570,27080,27550,true,-0.899,scenario_conditional
2026-08-19,2026-08-12,nasdaq-scenario:2026-08-12:r1,5,26331.09,25820,26220,26700,27170,27580,true,-1.382,scenario_conditional
2026-08-19,2026-08-13,nasdaq-scenario:2026-08-13:r1,4,26331.09,26090,26470,26890,27310,27690,true,-2.079,scenario_conditional
2026-08-19,2026-08-14,nasdaq-scenario:2026-08-14:r1,3,26331.09,26110,26430,26790,27160,27490,true,-1.713,scenario_conditional
2026-08-19,2026-08-17,nasdaq-scenario:2026-08-17:r1,2,26331.09,26120,26390,26680,26980,27260,true,-1.308,scenario_conditional
2026-08-19,2026-08-18,nasdaq-scenario:2026-08-18:r1,1,26331.09,25920,26100,26310,26520,26700,true,0.08,scenario_conditional
2026-08-20,2026-08-03,nasdaq-scenario:2026-08-03:r8,13,26067.17,24770,25440,26160,26910,27600,true,-0.355,scenario_conditional
2026-08-20,2026-08-06,nasdaq-scenario:2026-08-06:r1,10,26067.17,25340,25930,26580,27240,27860,true,-1.929,scenario_conditional
2026-08-20,2026-08-07,nasdaq-scenario:2026-08-07:r1,9,26067.17,25730,26270,26890,27540,28130,true,-3.06,scenario_conditional
2026-08-20,2026-08-10,nasdaq-scenario:2026-08-10:r1,8,26067.17,25680,26190,26780,27390,27930,true,-2.662,scenario_conditional
2026-08-20,2026-08-11,nasdaq-scenario:2026-08-11:r1,7,26067.17,25560,26040,26590,27140,27650,true,-1.966,scenario_conditional
2026-08-20,2026-08-12,nasdaq-scenario:2026-08-12:r1,6,26067.17,25760,26210,26720,27230,27710,true,-2.443,scenario_conditional
2026-08-20,2026-08-13,nasdaq-scenario:2026-08-13:r1,5,26067.17,26030,26430,26910,27380,27800,true,-3.132,scenario_conditional
2026-08-20,2026-08-14,nasdaq-scenario:2026-08-14:r1,4,26067.17,26020,26400,26820,27230,27610,true,-2.807,scenario_conditional
2026-08-20,2026-08-17,nasdaq-scenario:2026-08-17:r1,3,26067.17,26030,26340,26710,27070,27400,true,-2.407,scenario_conditional
2026-08-20,2026-08-18,nasdaq-scenario:2026-08-18:r1,2,26067.17,25770,26040,26320,26620,26900,true,-0.961,scenario_conditional
2026-08-20,2026-08-19,nasdaq-scenario:2026-08-19:r1,1,26067.17,25960,26140,26350,26560,26740,true,-1.073,scenario_conditional
2026-08-21,2026-08-03,nasdaq-scenario:2026-08-03:r8,14,26180.46,24770,25430,26170,26970,27680,true,0.04,scenario_conditional
2026-08-21,2026-08-06,nasdaq-scenario:2026-08-06:r1,11,26180.46,25310,25910,26580,27290,27950,true,-1.503,scenario_conditional
2026-08-21,2026-08-07,nasdaq-scenario:2026-08-07:r1,10,26180.46,25670,26270,26920,27590,28220,true,-2.747,scenario_conditional
2026-08-21,2026-08-10,nasdaq-scenario:2026-08-10:r1,9,26180.46,25640,26180,26800,27440,28030,true,-2.312,scenario_conditional
2026-08-21,2026-08-11,nasdaq-scenario:2026-08-11:r1,8,26180.46,25520,26020,26610,27210,27750,true,-1.614,scenario_conditional
2026-08-21,2026-08-12,nasdaq-scenario:2026-08-12:r1,7,26180.46,25710,26190,26740,27290,27810,true,-2.093,scenario_conditional
2026-08-21,2026-08-13,nasdaq-scenario:2026-08-13:r1,6,26180.46,25960,26420,26930,27440,27930,true,-2.783,scenario_conditional
2026-08-21,2026-08-14,nasdaq-scenario:2026-08-14:r1,5,26180.46,25960,26360,26840,27310,27730,true,-2.457,scenario_conditional
2026-08-21,2026-08-17,nasdaq-scenario:2026-08-17:r1,4,26180.46,25930,26310,26730,27140,27520,true,-2.056,scenario_conditional
2026-08-21,2026-08-18,nasdaq-scenario:2026-08-18:r1,3,26180.46,25680,25990,26350,26700,27030,true,-0.643,scenario_conditional
2026-08-21,2026-08-19,nasdaq-scenario:2026-08-19:r1,2,26180.46,25810,26080,26370,26660,26940,true,-0.719,scenario_conditional
2026-08-21,2026-08-20,nasdaq-scenario:2026-08-20:r1,1,26180.46,25700,25880,26090,26290,26480,true,0.347,scenario_conditional
2026-08-24,2026-08-03,nasdaq-scenario:2026-08-03:r8,15,25980.19,24740,25430,26190,27020,27760,true,-0.801,scenario_conditional
2026-08-24,2026-08-06,nasdaq-scenario:2026-08-06:r1,12,25980.19,25260,25900,26620,27340,28030,true,-2.403,scenario_conditional
2026-08-24,2026-08-07,nasdaq-scenario:2026-08-07:r1,11,25980.19,25640,26250,26930,27650,28320,true,-3.527,scenario_conditional
2026-08-24,2026-08-10,nasdaq-scenario:2026-08-10:r1,10,25980.19,25580,26170,26830,27500,28120,true,-3.167,scenario_conditional
2026-08-24,2026-08-11,nasdaq-scenario:2026-08-11:r1,9,25980.19,25470,26010,26630,27260,27850,true,-2.44,scenario_conditional
2026-08-24,2026-08-12,nasdaq-scenario:2026-08-12:r1,8,25980.19,25660,26170,26760,27360,27910,true,-2.914,scenario_conditional
2026-08-24,2026-08-13,nasdaq-scenario:2026-08-13:r1,7,25980.19,25910,26390,26950,27510,28030,true,-3.599,scenario_conditional
2026-08-24,2026-08-14,nasdaq-scenario:2026-08-14:r1,6,25980.19,25890,26350,26860,27380,27860,true,-3.276,scenario_conditional
2026-08-24,2026-08-17,nasdaq-scenario:2026-08-17:r1,5,25980.19,25870,26270,26750,27220,27630,true,-2.878,scenario_conditional
2026-08-24,2026-08-18,nasdaq-scenario:2026-08-18:r1,4,25980.19,25580,25950,26360,26780,27150,true,-1.441,scenario_conditional
2026-08-24,2026-08-19,nasdaq-scenario:2026-08-19:r1,3,25980.19,25720,26030,26390,26750,27080,true,-1.553,scenario_conditional
2026-08-24,2026-08-20,nasdaq-scenario:2026-08-20:r1,2,25980.19,25550,25820,26100,26390,26670,true,-0.459,scenario_conditional
2026-08-24,2026-08-21,nasdaq-scenario:2026-08-21:r1,1,25980.19,25820,26000,26200,26410,26590,true,-0.839,scenario_conditional
2026-08-25,2026-08-03,nasdaq-scenario:2026-08-03:r8,16,26151.3,24700,25410,26220,27070,27840,true,-0.262,scenario_conditional
2026-08-25,2026-08-06,nasdaq-scenario:2026-08-06:r1,13,26151.3,25230,25900,26640,27400,28100,true,-1.834,scenario_conditional
2026-08-25,2026-08-07,nasdaq-scenario:2026-08-07:r1,12,26151.3,25590,26240,26960,27700,28400,true,-3.0,scenario_conditional
2026-08-25,2026-08-10,nasdaq-scenario:2026-08-10:r1,11,26151.3,25550,26160,26840,27550,28220,true,-2.566,scenario_conditional
2026-08-25,2026-08-11,nasdaq-scenario:2026-08-11:r1,10,26151.3,25410,26000,26650,27320,27940,true,-1.871,scenario_conditional
2026-08-25,2026-08-12,nasdaq-scenario:2026-08-12:r1,9,26151.3,25620,26160,26780,27420,28010,true,-2.348,scenario_conditional
2026-08-25,2026-08-13,nasdaq-scenario:2026-08-13:r1,8,26151.3,25860,26380,26970,27580,28130,true,-3.036,scenario_conditional
2026-08-25,2026-08-14,nasdaq-scenario:2026-08-14:r1,7,26151.3,25850,26320,26880,27440,27960,true,-2.711,scenario_conditional
2026-08-25,2026-08-17,nasdaq-scenario:2026-08-17:r1,6,26151.3,25810,26250,26770,27280,27760,true,-2.311,scenario_conditional
2026-08-25,2026-08-18,nasdaq-scenario:2026-08-18:r1,5,26151.3,25520,25910,26380,26850,27260,true,-0.867,scenario_conditional
2026-08-25,2026-08-19,nasdaq-scenario:2026-08-19:r1,4,26151.3,25620,25990,26410,26820,27190,true,-0.98,scenario_conditional
2026-08-25,2026-08-20,nasdaq-scenario:2026-08-20:r1,3,26151.3,25450,25760,26120,26470,26800,true,0.12,scenario_conditional
2026-08-25,2026-08-21,nasdaq-scenario:2026-08-21:r1,2,26151.3,25670,25940,26220,26510,26790,true,-0.262,scenario_conditional
2026-08-25,2026-08-24,nasdaq-scenario:2026-08-24:r1,1,26151.3,25620,25800,26000,26210,26390,true,0.582,scenario_conditional
2026-08-26,2026-08-03,nasdaq-scenario:2026-08-03:r8,17,26130.2,24680,25410,26240,27120,27920,true,-0.418,scenario_conditional
2026-08-26,2026-08-06,nasdaq-scenario:2026-08-06:r1,14,26130.2,25220,25900,26650,27460,28180,true,-1.95,scenario_conditional
2026-08-26,2026-08-07,nasdaq-scenario:2026-08-07:r1,13,26130.2,25560,26240,26980,27760,28470,true,-3.15,scenario_conditional
2026-08-26,2026-08-10,nasdaq-scenario:2026-08-10:r1,12,26130.2,25500,26150,26870,27600,28300,true,-2.753,scenario_conditional
2026-08-26,2026-08-11,nasdaq-scenario:2026-08-11:r1,11,26130.2,25380,25980,26660,27370,28030,true,-1.987,scenario_conditional
2026-08-26,2026-08-12,nasdaq-scenario:2026-08-12:r1,10,26130.2,25560,26150,26810,27470,28100,true,-2.536,scenario_conditional
2026-08-26,2026-08-13,nasdaq-scenario:2026-08-13:r1,9,26130.2,25820,26370,26990,27630,28230,true,-3.186,scenario_conditional
2026-08-26,2026-08-14,nasdaq-scenario:2026-08-14:r1,8,26130.2,25800,26310,26900,27510,28060,true,-2.862,scenario_conditional
2026-08-26,2026-08-17,nasdaq-scenario:2026-08-17:r1,7,26130.2,25750,26230,26790,27340,27860,true,-2.463,scenario_conditional
2026-08-26,2026-08-18,nasdaq-scenario:2026-08-18:r1,6,26130.2,25450,25900,26400,26910,27380,true,-1.022,scenario_conditional
2026-08-26,2026-08-19,nasdaq-scenario:2026-08-19:r1,5,26130.2,25560,25950,26420,26890,27300,true,-1.097,scenario_conditional
2026-08-26,2026-08-20,nasdaq-scenario:2026-08-20:r1,4,26130.2,25360,25730,26140,26540,26920,true,-0.037,scenario_conditional
2026-08-26,2026-08-21,nasdaq-scenario:2026-08-21:r1,3,26130.2,25580,25890,26240,26600,26930,true,-0.418,scenario_conditional
2026-08-26,2026-08-24,nasdaq-scenario:2026-08-24:r1,2,26130.2,25470,25740,26020,26310,26580,true,0.424,scenario_conditional
2026-08-26,2026-08-25,nasdaq-scenario:2026-08-25:r1,1,26130.2,25790,25970,26170,26380,26560,true,-0.152,scenario_conditional
2026-08-27,2026-08-03,nasdaq-scenario:2026-08-03:r8,18,26541.35,24650,25400,26260,27160,27990,true,1.071,scenario_conditional
2026-08-27,2026-08-06,nasdaq-scenario:2026-08-06:r1,15,26541.35,25200,25900,26670,27510,28260,true,-0.482,scenario_conditional
2026-08-27,2026-08-07,nasdaq-scenario:2026-08-07:r1,14,26541.35,25550,26230,27000,27820,28550,true,-1.699,scenario_conditional
2026-08-27,2026-08-10,nasdaq-scenario:2026-08-10:r1,13,26541.35,25470,26140,26890,27660,28370,true,-1.297,scenario_conditional
2026-08-27,2026-08-11,nasdaq-scenario:2026-08-11:r1,12,26541.35,25330,25970,26690,27420,28110,true,-0.557,scenario_conditional
2026-08-27,2026-08-12,nasdaq-scenario:2026-08-12:r1,11,26541.35,25530,26130,26810,27530,28190,true,-1.002,scenario_conditional
2026-08-27,2026-08-13,nasdaq-scenario:2026-08-13:r1,10,26541.35,25760,26360,27020,27690,28320,true,-1.771,scenario_conditional
2026-08-27,2026-08-14,nasdaq-scenario:2026-08-14:r1,9,26541.35,25750,26300,26920,27570,28160,true,-1.407,scenario_conditional
2026-08-27,2026-08-17,nasdaq-scenario:2026-08-17:r1,8,26541.35,25710,26220,26800,27410,27960,true,-0.965,scenario_conditional
2026-08-27,2026-08-18,nasdaq-scenario:2026-08-18:r1,7,26541.35,25400,25870,26420,26970,27480,true,0.459,scenario_conditional
2026-08-27,2026-08-19,nasdaq-scenario:2026-08-19:r1,6,26541.35,25490,25940,26440,26950,27420,true,0.383,scenario_conditional
2026-08-27,2026-08-20,nasdaq-scenario:2026-08-20:r1,5,26541.35,25300,25680,26150,26620,27030,true,1.497,scenario_conditional
2026-08-27,2026-08-21,nasdaq-scenario:2026-08-21:r1,4,26541.35,25490,25850,26260,26670,27040,true,1.071,scenario_conditional
2026-08-27,2026-08-24,nasdaq-scenario:2026-08-24:r1,3,26541.35,25380,25690,26040,26390,26720,true,1.925,scenario_conditional
2026-08-27,2026-08-25,nasdaq-scenario:2026-08-25:r1,2,26541.35,25640,25900,26190,26480,26750,true,1.342,scenario_conditional
2026-08-27,2026-08-26,nasdaq-scenario:2026-08-26:r1,1,26541.35,25770,25950,26150,26360,26540,false,1.497,scenario_conditional
2026-08-28,2026-08-03,nasdaq-scenario:2026-08-03:r8,19,26402.42,24630,25400,26280,27200,28070,true,0.466,scenario_conditional
2026-08-28,2026-08-06,nasdaq-scenario:2026-08-06:r1,16,26402.42,25160,25880,26700,27570,28350,true,-1.115,scenario_conditional
2026-08-28,2026-08-07,nasdaq-scenario:2026-08-07:r1,15,26402.42,25530,26230,27020,27870,28630,true,-2.286,scenario_conditional
2026-08-28,2026-08-10,nasdaq-scenario:2026-08-10:r1,14,26402.42,25460,26140,26900,27720,28450,true,-1.85,scenario_conditional
2026-08-28,2026-08-11,nasdaq-scenario:2026-08-11:r1,13,26402.42,25290,25970,26700,27470,28170,true,-1.115,scenario_conditional
2026-08-28,2026-08-12,nasdaq-scenario:2026-08-12:r1,12,26402.42,25480,26120,26840,27580,28270,true,-1.63,scenario_conditional
2026-08-28,2026-08-13,nasdaq-scenario:2026-08-13:r1,11,26402.42,25730,26340,27020,27740,28410,true,-2.286,scenario_conditional
2026-08-28,2026-08-14,nasdaq-scenario:2026-08-14:r1,10,26402.42,25690,26290,26950,27620,28250,true,-2.032,scenario_conditional
2026-08-28,2026-08-17,nasdaq-scenario:2026-08-17:r1,9,26402.42,25660,26200,26820,27460,28050,true,-1.557,scenario_conditional
2026-08-28,2026-08-18,nasdaq-scenario:2026-08-18:r1,8,26402.42,25350,25850,26440,27030,27570,true,-0.142,scenario_conditional
2026-08-28,2026-08-19,nasdaq-scenario:2026-08-19:r1,7,26402.42,25440,25910,26460,27010,27520,true,-0.218,scenario_conditional
2026-08-28,2026-08-20,nasdaq-scenario:2026-08-20:r1,6,26402.42,25230,25670,26170,26670,27150,true,0.888,scenario_conditional
2026-08-28,2026-08-21,nasdaq-scenario:2026-08-21:r1,5,26402.42,25430,25810,26280,26750,27160,true,0.466,scenario_conditional
2026-08-28,2026-08-24,nasdaq-scenario:2026-08-24:r1,4,26402.42,25290,25650,26060,26470,26830,true,1.314,scenario_conditional
2026-08-28,2026-08-25,nasdaq-scenario:2026-08-25:r1,3,26402.42,25550,25850,26210,26560,26890,true,0.734,scenario_conditional
2026-08-28,2026-08-26,nasdaq-scenario:2026-08-26:r1,2,26402.42,25620,25880,26170,26460,26730,true,0.888,scenario_conditional
2026-08-28,2026-08-27,nasdaq-scenario:2026-08-27:r1,1,26402.42,26170,26350,26560,26770,26960,true,-0.593,scenario_conditional
2026-08-31,2026-08-03,nasdaq-scenario:2026-08-03:r8,20,26370.89,24610,25390,26300,27250,28140,true,0.27,scenario_conditional
2026-08-31,2026-08-06,nasdaq-scenario:2026-08-06:r1,17,26370.89,25150,25880,26730,27620,28430,true,-1.343,scenario_conditional
2026-08-31,2026-08-07,nasdaq-scenario:2026-08-07:r1,16,26370.89,25490,26220,27050,27930,28720,true,-2.511,scenario_conditional
2026-08-31,2026-08-10,nasdaq-scenario:2026-08-10:r1,15,26370.89,25440,26140,26920,27770,28530,true,-2.04,scenario_conditional
2026-08-31,2026-08-11,nasdaq-scenario:2026-08-11:r1,14,26370.89,25290,25960,26710,27530,28250,true,-1.27,scenario_conditional
2026-08-31,2026-08-12,nasdaq-scenario:2026-08-12:r1,13,26370.89,25440,26120,26860,27630,28340,true,-1.821,scenario_conditional
2026-08-31,2026-08-13,nasdaq-scenario:2026-08-13:r1,12,26370.89,25680,26330,27050,27790,28490,true,-2.511,scenario_conditional
2026-08-31,2026-08-14,nasdaq-scenario:2026-08-14:r1,11,26370.89,25660,26270,26950,27670,28340,true,-2.149,scenario_conditional
2026-08-31,2026-08-17,nasdaq-scenario:2026-08-17:r1,10,26370.89,25600,26190,26850,27520,28140,true,-1.784,scenario_conditional
2026-08-31,2026-08-18,nasdaq-scenario:2026-08-18:r1,9,26370.89,25310,25840,26450,27090,27670,true,-0.299,scenario_conditional
2026-08-31,2026-08-19,nasdaq-scenario:2026-08-19:r1,8,26370.89,25390,25900,26480,27080,27620,true,-0.412,scenario_conditional
2026-08-31,2026-08-20,nasdaq-scenario:2026-08-20:r1,7,26370.89,25180,25650,26190,26730,27240,true,0.691,scenario_conditional
2026-08-31,2026-08-21,nasdaq-scenario:2026-08-21:r1,6,26370.89,25360,25800,26300,26810,27280,true,0.27,scenario_conditional
2026-08-31,2026-08-24,nasdaq-scenario:2026-08-24:r1,5,26370.89,25230,25610,26080,26540,26950,true,1.115,scenario_conditional
2026-08-31,2026-08-25,nasdaq-scenario:2026-08-25:r1,4,26370.89,25450,25820,26230,26630,27000,true,0.537,scenario_conditional
2026-08-31,2026-08-26,nasdaq-scenario:2026-08-26:r1,3,26370.89,25530,25830,26190,26540,26870,true,0.691,scenario_conditional
2026-08-31,2026-08-27,nasdaq-scenario:2026-08-27:r1,2,26370.89,26020,26290,26580,26880,27160,true,-0.787,scenario_conditional
2026-08-31,2026-08-28,nasdaq-scenario:2026-08-28:r1,1,26370.89,26030,26220,26420,26630,26820,true,-0.186,scenario_conditional
2026-09-01,2026-08-03,nasdaq-scenario:2026-08-03:r8,21,26099.77,24580,25400,26320,27300,28210,true,-0.837,scenario_conditional
2026-09-01,2026-08-06,nasdaq-scenario:2026-08-06:r1,18,26099.77,25120,25880,26750,27660,28500,true,-2.431,scenario_conditional
2026-09-01,2026-08-07,nasdaq-scenario:2026-08-07:r1,17,26099.77,25470,26220,27080,27980,28800,true,-3.62,scenario_conditional
2026-09-01,2026-08-10,nasdaq-scenario:2026-08-10:r1,16,26099.77,25390,26120,26960,27830,28610,true,-3.191,scenario_conditional
2026-09-01,2026-08-11,nasdaq-scenario:2026-08-11:r1,15,26099.77,25260,25960,26740,27570,28330,true,-2.394,scenario_conditional
2026-09-01,2026-08-12,nasdaq-scenario:2026-08-12:r1,14,26099.77,25440,26110,26870,27690,28420,true,-2.867,scenario_conditional
2026-09-01,2026-08-13,nasdaq-scenario:2026-08-13:r1,13,26099.77,25640,26320,27070,27840,28560,true,-3.584,scenario_conditional
2026-09-01,2026-08-14,nasdaq-scenario:2026-08-14:r1,12,26099.77,25610,26260,26990,27730,28420,true,-3.298,scenario_conditional
2026-09-01,2026-08-17,nasdaq-scenario:2026-08-17:r1,11,26099.77,25570,26180,26850,27570,28230,true,-2.794,scenario_conditional
2026-09-01,2026-08-18,nasdaq-scenario:2026-08-18:r1,10,26099.77,25240,25830,26480,27140,27760,true,-1.436,scenario_conditional
2026-09-01,2026-08-19,nasdaq-scenario:2026-08-19:r1,9,26099.77,25350,25880,26490,27130,27710,true,-1.473,scenario_conditional
2026-09-01,2026-08-20,nasdaq-scenario:2026-08-20:r1,8,26099.77,25130,25630,26200,26800,27330,true,-0.383,scenario_conditional
2026-09-01,2026-08-21,nasdaq-scenario:2026-08-21:r1,7,26099.77,25310,25780,26330,26870,27380,true,-0.874,scenario_conditional
2026-09-01,2026-08-24,nasdaq-scenario:2026-08-24:r1,6,26099.77,25160,25600,26100,26600,27070,true,-0.001,scenario_conditional
2026-09-01,2026-08-25,nasdaq-scenario:2026-08-25:r1,5,26099.77,25390,25780,26250,26710,27110,true,-0.572,scenario_conditional
2026-09-01,2026-08-26,nasdaq-scenario:2026-08-26:r1,4,26099.77,25430,25800,26210,26610,26980,true,-0.421,scenario_conditional
2026-09-01,2026-08-27,nasdaq-scenario:2026-08-27:r1,3,26099.77,25930,26240,26600,26960,27300,true,-1.881,scenario_conditional
2026-09-01,2026-08-28,nasdaq-scenario:2026-08-28:r1,2,26099.77,25880,26150,26440,26740,27010,true,-1.287,scenario_conditional
2026-09-01,2026-08-31,nasdaq-scenario:2026-08-31:r1,1,26099.77,26000,26180,26390,26600,26780,true,-1.1,scenario_conditional
2026-09-02,2026-08-03,nasdaq-scenario:2026-08-03:r8,22,26217.83,24570,25390,26330,27330,28280,true,-0.426,scenario_conditional
2026-09-02,2026-08-06,nasdaq-scenario:2026-08-06:r1,19,26217.83,25100,25880,26770,27710,28590,true,-2.063,scenario_conditional
2026-09-02,2026-08-07,nasdaq-scenario:2026-08-07:r1,18,26217.83,25450,26220,27100,28020,28880,true,-3.255,scenario_conditional
2026-09-02,2026-08-10,nasdaq-scenario:2026-08-10:r1,17,26217.83,25380,26130,26980,27880,28700,true,-2.825,scenario_conditional
2026-09-02,2026-08-11,nasdaq-scenario:2026-08-11:r1,16,26217.83,25220,25940,26770,27630,28410,true,-2.063,scenario_conditional
2026-09-02,2026-08-12,nasdaq-scenario:2026-08-12:r1,15,26217.83,25410,26110,26890,27740,28500,true,-2.5,scenario_conditional
2026-09-02,2026-08-13,nasdaq-scenario:2026-08-13:r1,14,26217.83,25640,26320,27080,27900,28630,true,-3.184,scenario_conditional
2026-09-02,2026-08-14,nasdaq-scenario:2026-08-14:r1,13,26217.83,25580,26260,27010,27780,28490,true,-2.933,scenario_conditional
2026-09-02,2026-08-17,nasdaq-scenario:2026-08-17:r1,12,26217.83,25520,26160,26880,27620,28310,true,-2.463,scenario_conditional
2026-09-02,2026-08-18,nasdaq-scenario:2026-08-18:r1,11,26217.83,25210,25810,26480,27190,27840,true,-0.99,scenario_conditional
2026-09-02,2026-08-19,nasdaq-scenario:2026-08-19:r1,10,26217.83,25280,25870,26520,27180,27800,true,-1.139,scenario_conditional
2026-09-02,2026-08-20,nasdaq-scenario:2026-08-20:r1,9,26217.83,25080,25610,26220,26850,27430,true,-0.008,scenario_conditional
2026-09-02,2026-08-21,nasdaq-scenario:2026-08-21:r1,8,26217.83,25260,25760,26340,26940,27470,true,-0.464,scenario_conditional
2026-09-02,2026-08-24,nasdaq-scenario:2026-08-24:r1,7,26217.83,25110,25580,26120,26660,27170,true,0.375,scenario_conditional
2026-09-02,2026-08-25,nasdaq-scenario:2026-08-25:r1,6,26217.83,25320,25760,26270,26770,27230,true,-0.199,scenario_conditional
2026-09-02,2026-08-26,nasdaq-scenario:2026-08-26:r1,5,26217.83,25370,25760,26230,26680,27090,true,-0.046,scenario_conditional
2026-09-02,2026-08-27,nasdaq-scenario:2026-08-27:r1,4,26217.83,25840,26210,26620,27040,27410,true,-1.511,scenario_conditional
2026-09-02,2026-08-28,nasdaq-scenario:2026-08-28:r1,3,26217.83,25790,26100,26460,26820,27150,true,-0.915,scenario_conditional
2026-09-02,2026-08-31,nasdaq-scenario:2026-08-31:r1,2,26217.83,25850,26120,26410,26700,26980,true,-0.728,scenario_conditional
2026-09-02,2026-09-01,nasdaq-scenario:2026-09-01:r1,1,26217.83,25740,25920,26120,26330,26510,true,0.375,scenario_conditional
2026-09-04,2026-08-03,nasdaq-scenario:2026-08-03:r8,24,26506.99,24550,25390,26380,27420,28400,true,0.481,scenario_conditional
2026-09-04,2026-08-06,nasdaq-scenario:2026-08-06:r1,21,26506.99,25060,25890,26820,27810,28740,true,-1.167,scenario_conditional
2026-09-04,2026-08-07,nasdaq-scenario:2026-08-07:r1,20,26506.99,25400,26210,27150,28120,29040,true,-2.368,scenario_conditional
2026-09-04,2026-08-10,nasdaq-scenario:2026-08-10:r1,19,26506.99,25330,26120,27020,27970,28860,true,-1.899,scenario_conditional
2026-09-04,2026-08-11,nasdaq-scenario:2026-08-11:r1,18,26506.99,25170,25940,26810,27720,28570,true,-1.13,scenario_conditional
2026-09-04,2026-08-12,nasdaq-scenario:2026-08-12:r1,17,26506.99,25350,26100,26950,27850,28670,true,-1.644,scenario_conditional
2026-09-04,2026-08-13,nasdaq-scenario:2026-08-13:r1,16,26506.99,25570,26300,27130,28010,28800,true,-2.296,scenario_conditional
2026-09-04,2026-08-14,nasdaq-scenario:2026-08-14:r1,15,26506.99,25550,26250,27040,27890,28660,true,-1.971,scenario_conditional
2026-09-04,2026-08-17,nasdaq-scenario:2026-08-17:r1,14,26506.99,25470,26150,26910,27730,28450,true,-1.498,scenario_conditional
2026-09-04,2026-08-18,nasdaq-scenario:2026-08-18:r1,13,26506.99,25120,25790,26520,27290,27980,true,-0.049,scenario_conditional
2026-09-04,2026-08-19,nasdaq-scenario:2026-08-19:r1,12,26506.99,25200,25840,26550,27280,27960,true,-0.162,scenario_conditional
2026-09-04,2026-08-20,nasdaq-scenario:2026-08-20:r1,11,26506.99,24980,25580,26240,26950,27600,true,1.017,scenario_conditional
2026-09-04,2026-08-21,nasdaq-scenario:2026-08-21:r1,10,26506.99,25160,25740,26390,27040,27660,true,0.443,scenario_conditional
2026-09-04,2026-08-24,nasdaq-scenario:2026-08-24:r1,9,26506.99,25020,25550,26160,26780,27360,true,1.326,scenario_conditional
2026-09-04,2026-08-25,nasdaq-scenario:2026-08-25:r1,8,26506.99,25230,25720,26300,26890,27430,true,0.787,scenario_conditional
2026-09-04,2026-08-26,nasdaq-scenario:2026-08-26:r1,7,26506.99,25260,25720,26260,26810,27310,true,0.941,scenario_conditional
2026-09-04,2026-08-27,nasdaq-scenario:2026-08-27:r1,6,26506.99,25710,26160,26670,27170,27650,true,-0.611,scenario_conditional
2026-09-04,2026-08-28,nasdaq-scenario:2026-08-28:r1,5,26506.99,25640,26030,26500,26970,27380,true,0.026,scenario_conditional
2026-09-04,2026-08-31,nasdaq-scenario:2026-08-31:r1,4,26506.99,25660,26030,26450,26860,27230,true,0.215,scenario_conditional
2026-09-04,2026-09-01,nasdaq-scenario:2026-09-01:r1,3,26506.99,25490,25800,26160,26510,26840,true,1.326,scenario_conditional
2026-09-04,2026-09-02,nasdaq-scenario:2026-09-02:r1,2,26506.99,25710,25970,26260,26550,26820,true,0.941,scenario_conditional
2026-09-08,2026-08-03,nasdaq-scenario:2026-08-03:r8,25,26421.41,24520,25380,26400,27460,28450,true,0.081,scenario_conditional
2026-09-08,2026-08-06,nasdaq-scenario:2026-08-06:r1,22,26421.41,25050,25880,26830,27850,28820,true,-1.523,scenario_conditional
2026-09-08,2026-08-07,nasdaq-scenario:2026-08-07:r1,21,26421.41,25380,26230,27170,28180,29120,true,-2.755,scenario_conditional
2026-09-08,2026-08-10,nasdaq-scenario:2026-08-10:r1,20,26421.41,25310,26110,27040,28020,28930,true,-2.288,scenario_conditional
2026-09-08,2026-08-11,nasdaq-scenario:2026-08-11:r1,19,26421.41,25150,25930,26830,27760,28650,true,-1.523,scenario_conditional
2026-09-08,2026-08-12,nasdaq-scenario:2026-08-12:r1,18,26421.41,25330,26090,26970,27890,28740,true,-2.034,scenario_conditional
2026-09-08,2026-08-13,nasdaq-scenario:2026-08-13:r1,17,26421.41,25550,26300,27150,28060,28880,true,-2.684,scenario_conditional
2026-09-08,2026-08-14,nasdaq-scenario:2026-08-14:r1,16,26421.41,25500,26240,27070,27950,28740,true,-2.396,scenario_conditional
2026-09-08,2026-08-17,nasdaq-scenario:2026-08-17:r1,15,26421.41,25450,26150,26930,27770,28540,true,-1.889,scenario_conditional
2026-09-08,2026-08-18,nasdaq-scenario:2026-08-18:r1,14,26421.41,25110,25780,26530,27340,28060,true,-0.409,scenario_conditional
2026-09-08,2026-08-19,nasdaq-scenario:2026-08-19:r1,13,26421.41,25160,25830,26570,27330,28030,true,-0.559,scenario_conditional
2026-09-08,2026-08-20,nasdaq-scenario:2026-08-20:r1,12,26421.41,24930,25560,26270,26990,27670,true,0.576,scenario_conditional
2026-09-08,2026-08-21,nasdaq-scenario:2026-08-21:r1,11,26421.41,25130,25730,26390,27100,27750,true,0.119,scenario_conditional
2026-09-08,2026-08-24,nasdaq-scenario:2026-08-24:r1,10,26421.41,24960,25540,26180,26830,27440,true,0.922,scenario_conditional
2026-09-08,2026-08-25,nasdaq-scenario:2026-08-25:r1,9,26421.41,25180,25710,26320,26940,27520,true,0.385,scenario_conditional
2026-09-08,2026-08-26,nasdaq-scenario:2026-08-26:r1,8,26421.41,25210,25710,26280,26870,27410,true,0.538,scenario_conditional
2026-09-08,2026-08-27,nasdaq-scenario:2026-08-27:r1,7,26421.41,25660,26130,26690,27240,27750,true,-1.006,scenario_conditional
2026-09-08,2026-08-28,nasdaq-scenario:2026-08-28:r1,6,26421.41,25570,26010,26520,27030,27500,true,-0.372,scenario_conditional
2026-09-08,2026-08-31,nasdaq-scenario:2026-08-31:r1,5,26421.41,25600,25990,26470,26930,27340,true,-0.184,scenario_conditional
2026-09-08,2026-09-01,nasdaq-scenario:2026-09-01:r1,4,26421.41,25400,25770,26180,26580,26950,true,0.922,scenario_conditional
2026-09-08,2026-09-02,nasdaq-scenario:2026-09-02:r1,3,26421.41,25610,25920,26280,26630,26960,true,0.538,scenario_conditional
2026-09-08,2026-09-04,nasdaq-scenario:2026-09-04:r1,1,26421.41,26140,26320,26530,26740,26920,true,-0.409,scenario_conditional
2026-09-09,2026-08-03,nasdaq-scenario:2026-08-03:r8,26,26253.34,24510,25390,26430,27510,28530,true,-0.668,scenario_conditional
2026-09-09,2026-08-06,nasdaq-scenario:2026-08-06:r1,23,26253.34,25030,25880,26860,27910,28900,true,-2.259,scenario_conditional
2026-09-09,2026-08-07,nasdaq-scenario:2026-08-07:r1,22,26253.34,25370,26220,27180,28210,29190,true,-3.409,scenario_conditional
2026-09-09,2026-08-10,nasdaq-scenario:2026-08-10:r1,21,26253.34,25290,26130,27070,28070,29010,true,-3.017,scenario_conditional
2026-09-09,2026-08-11,nasdaq-scenario:2026-08-11:r1,20,26253.34,25130,25920,26850,27820,28720,true,-2.222,scenario_conditional
2026-09-09,2026-08-12,nasdaq-scenario:2026-08-12:r1,19,26253.34,25300,26090,26990,27930,28820,true,-2.729,scenario_conditional
2026-09-09,2026-08-13,nasdaq-scenario:2026-08-13:r1,18,26253.34,25520,26300,27170,28100,28950,true,-3.374,scenario_conditional
2026-09-09,2026-08-14,nasdaq-scenario:2026-08-14:r1,17,26253.34,25490,26240,27090,28000,28820,true,-3.088,scenario_conditional
2026-09-09,2026-08-17,nasdaq-scenario:2026-08-17:r1,16,26253.34,25400,26130,26960,27830,28620,true,-2.621,scenario_conditional
2026-09-09,2026-08-18,nasdaq-scenario:2026-08-18:r1,15,26253.34,25090,25780,26550,27390,28140,true,-1.117,scenario_conditional
2026-09-09,2026-08-19,nasdaq-scenario:2026-08-19:r1,14,26253.34,25150,25820,26570,27380,28100,true,-1.192,scenario_conditional
2026-09-09,2026-08-20,nasdaq-scenario:2026-08-20:r1,13,26253.34,24890,25560,26290,27040,27740,true,-0.139,scenario_conditional
2026-09-09,2026-08-21,nasdaq-scenario:2026-08-21:r1,12,26253.34,25080,25710,26420,27150,27830,true,-0.631,scenario_conditional
2026-09-09,2026-08-24,nasdaq-scenario:2026-08-24:r1,11,26253.34,24930,25530,26190,26880,27530,true,0.242,scenario_conditional
2026-09-09,2026-08-25,nasdaq-scenario:2026-08-25:r1,10,26253.34,25120,25700,26340,27000,27610,true,-0.329,scenario_conditional
2026-09-09,2026-08-26,nasdaq-scenario:2026-08-26:r1,9,26253.34,25160,25690,26300,26920,27500,true,-0.177,scenario_conditional
2026-09-09,2026-08-27,nasdaq-scenario:2026-08-27:r1,8,26253.34,25610,26120,26700,27310,27850,true,-1.673,scenario_conditional
2026-09-09,2026-08-28,nasdaq-scenario:2026-08-28:r1,7,26253.34,25520,25990,26540,27090,27600,true,-1.08,scenario_conditional
2026-09-09,2026-08-31,nasdaq-scenario:2026-08-31:r1,6,26253.34,25530,25980,26490,26990,27470,true,-0.893,scenario_conditional
2026-09-09,2026-09-01,nasdaq-scenario:2026-09-01:r1,5,26253.34,25340,25730,26190,26650,27060,true,0.242,scenario_conditional
2026-09-09,2026-09-02,nasdaq-scenario:2026-09-02:r1,4,26253.34,25520,25890,26300,26710,27080,true,-0.177,scenario_conditional
2026-09-09,2026-09-04,nasdaq-scenario:2026-09-04:r1,2,26253.34,25990,26260,26540,26840,27120,true,-1.08,scenario_conditional
2026-09-09,2026-09-08,nasdaq-scenario:2026-09-08:r1,1,26253.34,26050,26230,26440,26650,26830,true,-0.706,scenario_conditional
2026-09-10,2026-08-03,nasdaq-scenario:2026-08-03:r8,27,26081.72,24490,25390,26450,27540,28600,true,-1.392,scenario_conditional
2026-09-10,2026-08-06,nasdaq-scenario:2026-08-06:r1,24,26081.72,25030,25880,26890,27940,28940,true,-3.006,scenario_conditional
2026-09-10,2026-08-07,nasdaq-scenario:2026-08-07:r1,23,26081.72,25360,26220,27210,28270,29280,true,-4.147,scenario_conditional
2026-09-10,2026-08-10,nasdaq-scenario:2026-08-10:r1,22,26081.72,25280,26120,27080,28110,29080,true,-3.686,scenario_conditional
2026-09-10,2026-08-11,nasdaq-scenario:2026-08-11:r1,21,26081.72,25100,25940,26870,27860,28800,true,-2.934,scenario_conditional
2026-09-10,2026-08-12,nasdaq-scenario:2026-08-12:r1,20,26081.72,25280,26080,27010,27990,28900,true,-3.437,scenario_conditional
2026-09-10,2026-08-13,nasdaq-scenario:2026-08-13:r1,19,26081.72,25500,26290,27200,28140,29040,true,-4.111,scenario_conditional
2026-09-10,2026-08-14,nasdaq-scenario:2026-08-14:r1,18,26081.72,25460,26240,27110,28040,28890,true,-3.793,scenario_conditional
2026-09-10,2026-08-17,nasdaq-scenario:2026-08-17:r1,17,26081.72,25390,26130,26980,27880,28700,true,-3.329,scenario_conditional
2026-09-10,2026-08-18,nasdaq-scenario:2026-08-18:r1,16,26081.72,25040,25760,26580,27440,28220,true,-1.875,scenario_conditional
2026-09-10,2026-08-19,nasdaq-scenario:2026-08-19:r1,15,26081.72,25130,25820,26590,27430,28180,true,-1.912,scenario_conditional
2026-09-10,2026-08-20,nasdaq-scenario:2026-08-20:r1,14,26081.72,24880,25550,26290,27090,27810,true,-0.792,scenario_conditional
2026-09-10,2026-08-21,nasdaq-scenario:2026-08-21:r1,13,26081.72,25050,25710,26440,27200,27890,true,-1.355,scenario_conditional
2026-09-10,2026-08-24,nasdaq-scenario:2026-08-24:r1,12,26081.72,24880,25510,26220,26930,27610,true,-0.527,scenario_conditional
2026-09-10,2026-08-25,nasdaq-scenario:2026-08-25:r1,11,26081.72,25090,25680,26340,27040,27690,true,-0.981,scenario_conditional
2026-09-10,2026-08-26,nasdaq-scenario:2026-08-26:r1,10,26081.72,25100,25680,26320,26970,27590,true,-0.905,scenario_conditional
2026-09-10,2026-08-27,nasdaq-scenario:2026-08-27:r1,9,26081.72,25570,26110,26720,27360,27950,true,-2.389,scenario_conditional
2026-09-10,2026-08-28,nasdaq-scenario:2026-08-28:r1,8,26081.72,25470,25970,26560,27160,27700,true,-1.801,scenario_conditional
2026-09-10,2026-08-31,nasdaq-scenario:2026-08-31:r1,7,26081.72,25480,25950,26500,27050,27560,true,-1.578,scenario_conditional
2026-09-10,2026-09-01,nasdaq-scenario:2026-09-01:r1,6,26081.72,25270,25710,26210,26710,27180,true,-0.489,scenario_conditional
2026-09-10,2026-09-02,nasdaq-scenario:2026-09-02:r1,5,26081.72,25460,25850,26320,26780,27190,true,-0.905,scenario_conditional
2026-09-10,2026-09-04,nasdaq-scenario:2026-09-04:r1,3,26081.72,25890,26210,26570,26920,27260,true,-1.838,scenario_conditional
2026-09-10,2026-09-08,nasdaq-scenario:2026-09-08:r1,2,26081.72,25900,26170,26460,26750,27030,true,-1.43,scenario_conditional
2026-09-10,2026-09-09,nasdaq-scenario:2026-09-09:r1,1,26081.72,25890,26070,26270,26480,26660,true,-0.717,scenario_conditional
